{"cameraMode":{"drawMode":0,"name":"Shaded","section":"Shading Mode"},"sceneLighting":true,"audioPlay":false,"sceneViewState":{"m_AlwaysRefresh":false,"showFog":true,"showSkybox":true,"showFlares":true,"showImageEffects":true,"showParticleSystems":true,"showVisualEffectGraphs":true,"m_FxEnabled":true},"in2DMode":false,"pivot":{"x":-41.087181091308597,"y":-37.575843811035159,"z":-178.13645935058595},"rotation":{"x":0.011888151057064534,"y":-0.9884823560714722,"z":0.09452823549509049,"w":0.11909946799278259},"size":116.94115447998047,"orthographic":false}